City,State
Youngstown,OH
Yankton,SD
Yakima,WA
Worcester,MA
WisconsinDells,WI
Winston-Salem,NC
Winnipeg,MB
Winchester,VA
Wilmington,NC
Wilmington,DE
Williston,ND
Williamsport,PA
Williamson,WV
WichitaFalls,TX
Wichita,KS
Wheeling,WV
WestPalmBeach,FL
Wenatchee,WA
Weed,CA
Waycross,GA
Wausau,WI
Waukegan,IL
Watertown,SD
Watertown,NY
Waterloo,IA
Waterbury,CT
Washington,DC
Warren,PA
WallaWalla,WA
Waco,TX
Vincennes,IN
Victoria,TX
Vicksburg,MS
Vancouver,BC
ValleyCity,ND
Valdosta,GA
Utica,NY
Uniontown,PA
Tyler,TX
TwinFalls,"ID"
Tuscaloosa,AL
Tupelo,MS
Tulsa,OK
Tucson,AZ
Trinidad,CO
Trenton,NJ
TraverseCity,MI
Toronto,ON
Topeka,KS
Toledo,OH
Texarkana,TX
TerreHaute,IN
Tampa,FL
Tallahassee,FL
Tacoma,WA
Syracuse,NY
Swainsboro,GA
Sumter,SC
Stroudsburg,PA
Stockton,CA
StevensPoint,WI
Steubenville,OH
Sterling,CO
Staunton,VA
Springfield,OH
Springfield,MO
Springfield,MA
Springfield,IL
Spokane,WA
SouthBend,IN
SiouxFalls,SD
SiouxCity,IA
Shreveport,LA
Sherman,TX
Sheridan,WY
Seminole,OK
Selma,AL
Sedalia,MO
Seattle,WA
Scranton,PA
Scottsbluff,NB
Schenectady,NY
Savannah,GA
SaultSainteMarie,MI
Sarasota,FL
SantaRosa,CA
SantaFe,NM
SantaBarbara,CA
SantaAna,CA
SanJose,CA
SanFrancisco,CA
Sandusky,OH
SanDiego,CA
SanBernardino,CA
SanAntonio,TX
SanAngelo,TX
SaltLakeCity,UT
Salisbury,MD
Salinas,CA
Salina,KS
Salida,CO
Salem,OR
SaintPaul,MN
SaintLouis,MO
SaintJoseph,MO
SaintJoseph,MI
SaintJohnsbury,VT
SaintCloud,MN
SaintAugustine,FL
Saginaw,MI
Sacramento,CA
Rutland,VT
Roswell,NM
RockyMount,NC
RockSprings,WY
Rockford,IL
Rochester,NY
Rochester,MN
Roanoke,VA
Richmond,VA
Richmond,IN
Richfield,UT
Rhinelander,WI
Reno,NV
Regina,SA
RedBluff,CA
Reading,PA
Ravenna,OH